{
  "grid_points": [
    {
      "blind_fraction": 0.9999999999995018,
      "camera_energy": {"11": 0.030025212896093258, "3": 0.03708525716830308, "5": 0.05532278234418895, "7": 0.04204137805136668},
      "camera_residual_alignment": 0.9925885875110717,
      "camera_visibility": {"11": 4.2952344085189895e-13, "3": 1.3251346759827161e-12, "5": 4.554017867155794e-13, "7": 4.996533030330605e-13},
      "coordinate_count": 11275,
      "dimension_free_residual": 5.617480594979738e-09,
      "projection_idempotence_defect": 8.851672015859643e-23,
      "projection_self_adjoint_defect": 1.0663276173804127e-22,
      "score": 4.98224443013724e-13,
      "seed_bracket_cosine": -0.9999999730280952,
      "seed_bracket_magnitude_ratio": 0.999826379295145,
      "t": 14.1347,
      "total_energy": 0.16447463045995198,
      "visible_angle_degrees": 89.99995955776508
    },
    {
      "blind_fraction": 0.9999999999995295,
      "camera_energy": {"11": 0.10018052819172471, "3": 0.08124842759386355, "5": 0.054637476402306, "7": 0.04199228605796167},
      "camera_residual_alignment": 0.9418592493261122,
      "camera_visibility": {"11": 1.8043754195207652e-13, "3": 1.5542399973707384e-12, "5": 6.690694542669764e-13, "7": 7.321842684646431e-13},
      "coordinate_count": 11275,
      "dimension_free_residual": 5.305305010345219e-09,
      "projection_idempotence_defect": 2.1958295783157493e-23,
      "projection_self_adjoint_defect": 1.2055998856133235e-22,
      "score": 4.705370297423698e-13,
      "seed_bracket_cosine": -0.9999999732418398,
      "seed_bracket_magnitude_ratio": 1.0000777225363988,
      "t": 21.022,
      "total_energy": 0.2780587182458559,
      "visible_angle_degrees": 89.99996069755798
    },
    {
      "blind_fraction": 0.9999999999990848,
      "camera_energy": {"11": 0.03565180402018947, "3": 0.07918444042714343, "5": 0.041827461870789125, "7": 0.07575179086109607},
      "camera_residual_alignment": 0.9807066988367986,
      "camera_visibility": {"11": 8.423427629212563e-13, "3": 1.5219568594675584e-12, "5": 1.4748199752737636e-12, "7": 8.904212897519937e-13},
      "coordinate_count": 11275,
      "dimension_free_residual": 1.0317991508946219e-08,
      "projection_idempotence_defect": 0.0,
      "projection_self_adjoint_defect": 1.7826470104768378e-22,
      "score": 9.151211981327023e-13,
      "seed_bracket_cosine": -0.9999999693773766,
      "seed_bracket_magnitude_ratio": 0.999856964790073,
      "t": 25.0109,
      "total_energy": 0.23241549717921803,
      "visible_angle_degrees": 89.99994518973016
    },
    {
      "blind_fraction": 0.9999999999999982,
      "camera_energy": {"11": 0.03668164995565437, "3": 0.07132641865580358, "5": 0.1322751288630959, "7": 0.049159103235206295},
      "camera_residual_alignment": 0.04684170539311007,
      "camera_visibility": {"11": 9.31100218402904e-16, "3": 1.9405773666882905e-13, "5": 4.385274105196938e-14, "7": 2.3619528377399855e-14},
      "coordinate_count": 11275,
      "dimension_free_residual": 1.9306341345756953e-11,
      "projection_idempotence_defect": 4.94823508549869e-24,
      "projection_self_adjoint_defect": 1.0531591362577122e-22,
      "score": 1.7123140883154728e-15,
      "seed_bracket_cosine": -0.9999999999415023,
      "seed_bracket_magnitude_ratio": 1.0000054300118368,
      "t": 30.4249,
      "total_energy": 0.28944230070976007,
      "visible_angle_degrees": 89.99999762909394
    },
    {
      "blind_fraction": 0.999999999999769,
      "camera_energy": {"11": 0.03955415930975862, "3": 0.11486749345557545, "5": 0.053267448254143306, "7": 0.08518375414370324},
      "camera_residual_alignment": 0.8221292375572016,
      "camera_visibility": {"11": 1.9332108184449436e-13, "3": 2.2240281687492312e-13, "5": 6.201128111771402e-13, "7": 3.7748882067530474e-13},
      "coordinate_count": 11275,
      "dimension_free_residual": 2.6046626675440086e-09,
      "projection_idempotence_defect": 2.7447869728946867e-24,
      "projection_self_adjoint_defect": 7.854215696349519e-23,
      "score": 2.3101220998173027e-13,
      "seed_bracket_cosine": -0.9999999950590692,
      "seed_bracket_magnitude_ratio": 1.0000471349577669,
      "t": 32.9351,
      "total_energy": 0.29287285516318073,
      "visible_angle_degrees": 89.99997246151149
    },
    {
      "blind_fraction": 0.9999999999998903,
      "camera_energy": {"11": 0.044863014699636466, "3": 0.08606473021283148, "5": 0.054781648559195595, "7": 0.04824630324651793},
      "camera_residual_alignment": 0.8178454140710901,
      "camera_visibility": {"11": 2.1493346926844157e-13, "3": 2.387771360262317e-13, "5": 8.677522042190975e-14, "7": 5.55586575884954e-14},
      "coordinate_count": 11275,
      "dimension_free_residual": 1.2370651213284944e-09,
      "projection_idempotence_defect": 4.5268186436256606e-23,
      "projection_self_adjoint_defect": 1.3738091140554814e-22,
      "score": 1.0971752739055382e-13,
      "seed_bracket_cosine": -0.9999999998405888,
      "seed_bracket_magnitude_ratio": 1.0000570526441939,
      "t": 37.5862,
      "total_energy": 0.23395569671818156,
      "visible_angle_degrees": 89.99998102155446
    },
    {
      "blind_fraction": 0.99999999999987,
      "camera_energy": {"11": 0.03812528317908383, "3": 0.22178784237044036, "5": 0.061496763167218374, "7": 0.0672118902410293},
      "camera_residual_alignment": 0.650522005081924,
      "camera_visibility": {"11": 3.2548224514007094e-13, "3": 2.1387258814774652e-13, "5": 2.318521243817515e-13, "7": 3.7428935094875066e-13},
      "coordinate_count": 11275,
      "dimension_free_residual": 1.4650347656373322e-09,
      "projection_idempotence_defect": 0.0,
      "projection_self_adjoint_defect": 9.975880888136601e-23,
      "score": 1.2993656457980773e-13,
      "seed_bracket_cosine": -0.9999999962713877,
      "seed_bracket_magnitude_ratio": 1.0000708477026232,
      "t": 40.9187,
      "total_energy": 0.3886217789577718,
      "visible_angle_degrees": 89.99997934675379
    },
    {
      "blind_fraction": 0.9999999999985708,
      "camera_energy": {"11": 0.03792988388842174, "3": 0.05586181026986595, "5": 0.346382893330648, "7": 0.0534615842338214},
      "camera_residual_alignment": 0.9510161314979421,
      "camera_visibility": {"11": 2.479329909253099e-12, "3": 6.8380742698844556e-12, "5": 1.1035904952611992e-12, "7": 2.639518129050909e-12},
      "coordinate_count": 11275,
      "dimension_free_residual": 1.6114152453288868e-08,
      "projection_idempotence_defect": 1.7566636626525995e-22,
      "projection_self_adjoint_defect": 1.2742690092653566e-22,
      "score": 1.4291931222429152e-12,
      "seed_bracket_cosine": -0.9999999988492607,
      "seed_bracket_magnitude_ratio": 0.9995393405579038,
      "t": 43.3271,
      "total_energy": 0.493636171722757,
      "visible_angle_degrees": 89.99993150354567
    },
    {
      "blind_fraction": 0.9999999999986232,
      "camera_energy": {"11": 0.053759563406815286, "3": 0.061219560724503685, "5": 0.0940078939630531, "7": 0.14742641773011889},
      "camera_residual_alignment": 0.9236521419921923,
      "camera_visibility": {"11": 1.5849163917779358e-12, "3": 6.2245186697465265e-12, "5": 2.5059272532096e-12, "7": 4.1341739910476953e-13},
      "coordinate_count": 11275,
      "dimension_free_residual": 1.552435168497876e-08,
      "projection_idempotence_defect": 8.783318313262997e-23,
      "projection_self_adjoint_defect": 1.129649165342538e-22,
      "score": 1.3768826328140806e-12,
      "seed_bracket_cosine": -0.9999999416093573,
      "seed_bracket_magnitude_ratio": 0.999623111354699,
      "t": 48.0051,
      "total_energy": 0.35641343582449114,
      "visible_angle_degrees": 89.99993276876432
    },
    {
      "blind_fraction": 0.9999999999999678,
      "camera_energy": {"11": 0.14552726088356005, "3": 0.10016024630820253, "5": 0.10563783312518311, "7": 0.05060855413126444},
      "camera_residual_alignment": 0.21453115438684586,